{
    "name": "Global Information",
    "numberOfRequests": {
        "total": 10336,
        "ok": 8277,
        "ko": 2059
    },
    "minResponseTime": {
        "total": 52,
        "ok": 52,
        "ko": 989
    },
    "maxResponseTime": {
        "total": 60020,
        "ok": 60007,
        "ko": 60020
    },
    "meanResponseTime": {
        "total": 33287,
        "ok": 29003,
        "ko": 50509
    },
    "standardDeviation": {
        "total": 18775,
        "ok": 16786,
        "ko": 16321
    },
    "percentiles1": {
        "total": 41002,
        "ok": 29960,
        "ko": 60004
    },
    "percentiles2": {
        "total": 45807,
        "ok": 43839,
        "ko": 60010
    },
    "percentiles3": {
        "total": 60010,
        "ok": 49018,
        "ko": 60015
    },
    "percentiles4": {
        "total": 60015,
        "ok": 56608,
        "ko": 60016
    },
    "group1": {
    "name": "t < 800 ms",
    "count": 255,
    "percentage": 2
},
    "group2": {
    "name": "800 ms < t < 1200 ms",
    "count": 132,
    "percentage": 1
},
    "group3": {
    "name": "t > 1200 ms",
    "count": 7890,
    "percentage": 76
},
    "group4": {
    "name": "failed",
    "count": 2059,
    "percentage": 20
},
    "meanNumberOfRequestsPerSecond": {
        "total": 27.636363636363637,
        "ok": 22.13101604278075,
        "ko": 5.505347593582887
    }
}